title,artist,service,source_id
Angine de poitrine - Sahardnieh,CEM and Angine de Poitrine,youtube,youtube:item:7IrODUjl70U
Nimo - BITTER (prod. von Jimmy Torrio) [Official 4K Video],385idéal,youtube,youtube:item:DMg9idvVY8M
Vengaboys - Up & Down,Vengaboys,youtube,youtube:item:hlv672jqbtE
Dendemann - Wo ich wech bin (Offizielles Video),DENDEMANN,youtube,youtube:item:GfgiOdbNBXA
BHZ - SCHLIESSE DIE AUGEN (prod. by MotB),BHZ,youtube,youtube:item:8OivPiovx9k
"Kilo Ali - Baby, Baby",KiloAliVEVO,youtube,youtube:item:RJRvYA7qT7g
Marek Hemmann - Left (feat. Fabian Reichelt),Marek Hemmann,youtube,youtube:item:X9dWgsh7TAM
Lady Leshurr - Your Mr,Lady Leshurr,youtube,youtube:item:q0znnN0JQ8Q
Diário de um detento - Racionais Mcs,Andre Coutinho,youtube,youtube:item:zqRm-sjr64Q
Clara Valverde - SAMBA DO MOÇO BONITO (clipe oficial),Clara Valverde,youtube,youtube:item:fE429tDzTPA
MC Kevinho - Olha a Explosão (KondZilla) | Official Music Video,Canal KondZilla,youtube,youtube:item:3yd_eoMOvqk
Kowloon - Wake Up (Official Video),Kowloon,youtube,youtube:item:2Id2hNfVjZQ
Ciara - Goodies ft. Petey Pablo (Official Video) ft. Petey Pablo,Ciara,youtube,youtube:item:YtC92pzp5vw
Ciara - Oh (Official Video) ft. Ludacris,Ciara,youtube,youtube:item:Hr4wz4-27PY
"Ciara - 1, 2 Step (Official Video) ft. Missy Elliott",Ciara,youtube,youtube:item:iBHNgV6_znU
Simply Red - Sunrise (Official Remastered Video),Simply Red,youtube,youtube:item:PE3g2zeBVQQ
Natasha Bedingfield - Unwritten (Official Video) (as featured in Anyone But You),Natasha Bedingfield,youtube,youtube:item:b7k0a5hYnSI
Natasha Bedingfield - These Words (Official Video),Natasha Bedingfield,youtube,youtube:item:e5RuGj0g1tk
t.A.T.u. Nas Ne Dagoniat,MonkeyZero16,youtube,youtube:item:bLCrpcWkxyg
gorillaz // she's my collar (feat. kali uchis) (español),coexist subs,youtube,youtube:item:CprGUEhLt44
Buunshin - Acolyte,Drum&BassArena,youtube,youtube:item:PkSH4KntWYk
Scooter - The Logical Song (Official Video),Scooter,youtube,youtube:item:4YxTa1AUqps
Nessaja,Scooter,youtube,youtube:item:8yUmJRsocf0
Kyla - 'Do you Mind' (Crazy Cousinz Remix) - OFFICIAL VIDEO,Crazy Cousinz,youtube,youtube:item:G0c8qfMbMac
Ice MC - Think about the way [Official Video],rdsmusiclabel,youtube,youtube:item:rqs6pverp5U
He's a Woman – She's a Man (2015 - Remaster),Scorpions,youtube,youtube:item:rWpzTBTmgWI
NEU! - Hallogallo,groenlandrecords,youtube,youtube:item:zndpi8tNZyQ
Remco Beekwilder - Transmax [EMERALD017],HATE,youtube,youtube:item:aQBAZMbrNbA
Heist,LNRT,youtube,youtube:item:AQauuMS-mrQ
揽佬SKAI ISYOURGOD-《大展鸿图》ft.AR刘夫阳 Official Music Video,揽佬SKAI ISYOURGOD,youtube,youtube:item:mldcDidGJCg
Anne Clark - Sleeper In Metropolis,ZTTFGTH11,youtube,youtube:item:b6ASPWIXSxk
CANTORIA (K&F EDIT) [PERSIES 008],Maslow Unknown,youtube,youtube:item:FGjGUoUykFs
MC MENTAL @ HIS BEST,trippe28,youtube,youtube:item:nGM3azJY3yQ
Kali Uchis – telepatía [Official Music Video],KALI UCHIS,youtube,youtube:item:bn_p95HbHoQ
Bruno Mars - Bonde do Brunão,Bruno Mars,youtube,youtube:item:cEV4IGAnOtY
BIA - BAD GUY (Official Music Video),BIA,youtube,youtube:item:CCMuQomKT4k
3Plusss - PHASE II (prod. von Peet) [Official Video],3Plusss,youtube,youtube:item:Np6ExUzefpw
3Plusss - DANKE (prod. von Peet) [Official Video],3Plusss,youtube,youtube:item:_WJFrghEIr8
Sudan Archives - A BUG'S LIFE (Official Music Video),Sudan Archives and Stones Throw,youtube,youtube:item:ZOvfcMzB6RA
roots manuva - witness the fitness,playmorewithclaymore,youtube,youtube:item:NDWgtB_MD24
John B - Undertow,Al Gee,youtube,youtube:item:22jY8MP94v0
Con Gái Của Mẹ - Thanh Tuyền | Bản Thu Âm Đầu Tiên Hay Nhất Trước 1975,Nhạc Vàng Official,youtube,youtube:item:wX7NDJvojzM
"PBN 56 | Phượng Liên & Phi Nhung - Tân cổ ""Con Gái Của Mẹ""",Thuy Nga,youtube,youtube:item:7nd29Lme-bo
Kendrick Lamar - tv off (Official Audio),Kendrick Lamar,youtube,youtube:item:U8F5G5wR1mk
BOUNDLESS GALAXIES (feat. Anatole Muster),Zeñel - Topic,youtube,youtube:item:KvJyXMVNHVw
Drumsound & Simon 'Bassline' Smith - Breakdown,Lewis Taylor,youtube,youtube:item:gBDlbTjmxNI
Pascià (Dub),V.I.C.A.R.I. - Topic,youtube,youtube:item:bkQKRfI3_MI
Jimi Jules - My City's On Fire (Club Edit),Innervisions,youtube,youtube:item:R7908KJ-Mr4
Charlie - Spacer Woman (Original mix),GoodyMusic Production,youtube,youtube:item:nZDPCjEoIMI
Creepy Nuts - Otonoke (Kalixto Remix) (DAN DA DAN Opening),Kalixto,youtube,youtube:item:vu2xvx6keoA
Creepy Nuts - Mirage (Official Music Video) [OP Theme to Call of the Night Season 2],Creepy Nuts,youtube,youtube:item:ce6yxES9oLA
"Kocham Cię, Kochanie Moje",Maanam,youtube,youtube:item:9qRbjK4KPFc
O Baile Todo,Bonde do Tigrão,youtube,youtube:item:x4bcm_TbldA
Bonde Do Tigrão - Vou Passar Cerol Na Mão (Martella Martellao),Agente007,youtube,youtube:item:rdfrVyCYiGM
Wir wissen nicht (Shantel DUB),Release - Topic,youtube,youtube:item:aKutspG8j_Q
Adam F - Circles (Pola Bryson Bootleg),DNB SESSIONS,youtube,youtube:item:jp_nZVuBIvE
Seeed - Dancehall Caballeros (official Video),Seeed,youtube,youtube:item:CYg9omPYx_M
Forget (Original Mix) - Patrick Topping,Misha Ali,youtube,youtube:item:HGR6Qe81SA4
SPB Shield | Void breakers,Питерский Щит,youtube,youtube:item:Q0HpXZEKxt4
ring noord - Little Finger,VISION and ring noord,youtube,youtube:item:RuUXjhhMgeo
ring noord - Wild Flowers,VISION and ring noord,youtube,youtube:item:MxwWGrdAu6Q
Latinos Unidos - El Timba (official),El Timba,youtube,youtube:item:ywgTDys8oj4
Wallace - Breaking Up,Rhythm Section International Discography,youtube,youtube:item:GeYOkYItZS0
The Semimodular Bird of Jazz,Felipe Gordon - Topic,youtube,youtube:item:cELBX4RUwMQ
Catch the Light (feat. Martha Wash) (Deez Re-Wash),Demarkus Lewis - Topic,youtube,youtube:item:iObW6T9Y4To
王翰鹏YAC《社会语录》「Rapper全明星」纯享版 Short Live Performance #文艺复兴 #东北说唱 #中文饶舌 #华语嘻哈 #DBC东北岸 @DongBeiCoast,DBC東北岸,youtube,youtube:item:kJxNx38yF08
攬佬SKAI ISYOURGOD/AR劉夫陽【大展鴻圖（Blueprint Supreme）】HD 高清官方完整版 MV （Multi-Language CC Subtitles）,太合音樂 Taihe Music-精選,youtube,youtube:item:yupEwQ6qCd0
Kulage - Crypt [Tonic],Tronic Music,youtube,youtube:item:cJlAOfjWl7E
Morgana,Len Faki,youtube,youtube:item:iXjvs4yKtCA
SSIO - Alles oder Nix (Official Video),SSIO,youtube,youtube:item:FbXRjoRa0Yc
"Clipse, Pusha T, Malice - Ace Trumpets (Official Audio)",Clipse,youtube,youtube:item:5JQ2FE1IvQk
MachineCode - Evaluate,DnB Ranger,youtube,youtube:item:Adj1UalkUVs
"Amaarae - SAD GIRLZ LUV MONEY (Remix) ft. Kali Uchis, Moliy",Amaarae,youtube,youtube:item:1G1h4TQQOBU
Samra - Cataleya,BUSHIDO,youtube,youtube:item:4BKdemw_96Y
"Armanii, Dj Mac - HAAD (Fiesta) | Official Video",ARMANII,youtube,youtube:item:-HdnnXfPUvs
Armanii - JUMP (Official Video),ARMANII,youtube,youtube:item:3VbjbBYmofs
Santigold - Disparate Youth (Official Audio),Santigold,youtube,youtube:item:GTVSe5eYOio
Obacha - Überdosis,ObachaTV,youtube,youtube:item:M0-ExJ4opfs
10 Tips that can IMPROVE your UK Garage tracks | FL Studio 21,LÄMMERFYR,youtube,youtube:item:VgoVAcF4zSg
Злой,sbp4,youtube,youtube:item:Q-0St0Bo9B8
UB40 - Red Red Wine (Official Video HD Remastered),UB40,youtube,youtube:item:zXt56MB-3vc
Verbena Tea,Teebs,youtube,youtube:item:0GLrm_HvtwI
Jaykae - Heartache,Jaykae,youtube,youtube:item:T13Ovuu0jf0
Baz Luhrmann - Everybody's Free To Wear Sunscreen,steffyweffy777,youtube,youtube:item:sTJ7AzBIJoI
Jaden Bojsen - LET'S GO ♬,amy.,youtube,youtube:item:ltbb-xHedAc
Manu Chao - Me Gustas Tu (JKRS Techno Remix),FrenchTrap / FT,youtube,youtube:item:mKnxwJNg9mA
Chancha Via Circuito - Ilaló (Ft. Mateo Kingman) [OFFICIAL MUSIC VIDEO],Wonderwheel Recordings,youtube,youtube:item:ALO40b-qIdQ
Don't Make Me Wait,geods sorèd,youtube,youtube:item:_t8274dosT8
TREIBJAGD,Kollegah - Topic,youtube,youtube:item:JCVX3B9q4aM
Underworld - Born Slippy (Nuxx),Underworld,youtube,youtube:item:XiMrrleH_hI
Jake Antonio — Wants And Needs,Lasha Mikaia,youtube,youtube:item:b_YPOJBUu3I
pinkpantheress - just for me (Official Video),PP_ROCKSXX,youtube,youtube:item:Xo_lPnBlfto
PinkPantheress - Reason (Official Video),Pinkpantheress,youtube,youtube:item:BBsV0Q7kGGY
One of These Nights (2013 Remaster),Eagles,youtube,youtube:item:8vpgoNDi71Q
Nu Genea - Bar Mediterraneo (Full Album),Nu Genea,youtube,youtube:item:l2iHM-GoiNQ
Identity Lost,Dave Porter - Topic,youtube,youtube:item:-hgopgI8x1g
Theophilus London - Wine and Chocolates (andhim rmx),andhimmusic,youtube,youtube:item:YZ66NCUICls
Theophilus London - Bebey (Lyric Video),MyBebeyRecords,youtube,youtube:item:0pJwFzJs864
Wichita Lineman (Remastered 2001),Glen Campbell,youtube,youtube:item:Q8P_xTBpAcY
Billie Eilish - CHIHIRO (Black Coffee Remix),Black Coffee,youtube,youtube:item:soL9nvyKJrk
[electromedieval] TROTTO,ALOUTOULOU,youtube,youtube:item:OlAoGjAELLo
Михей - Для тебя,Ирина Брагина (Авторская песня),youtube,youtube:item:izqNPBMv0TE
CooBee Coo - Eyes That Kill (Audio Only),Fervor Records,youtube,youtube:item:4IrU2CYr6gQ
EUROPA BEATS - LONG (europa cinemas music),AndrewTheShort,youtube,youtube:item:3c_eCS_JcZA
Love Is Alive,Gary Wright - Topic,youtube,youtube:item:wM6y_KBwAps
"The Black Angels - ""Grab as much (as you can)"" (Music Video)",JeMand Anders,youtube,youtube:item:H8d0bILfcGE
Jackie Blue Ozark Mountain Daredevils,daveinprogress3,youtube,youtube:item:Qr0hcoksupQ
Agnes Obel - Fuel To Fire (David Lynch Remix) (Official Audio),Agnes Obel,youtube,youtube:item:bNV28kwDWHA
Frank Ocean - Chanel,Blonded,youtube,youtube:item:XnbsIl2BnWw
Brutalismus 3000 - DIE LIEBE KOMMT NICHT AUS BERLIN (Official Video),Brutalismus 3000,youtube,youtube:item:BY1qkoUhcWQ
Gorillaz - Opium feat. EARTHGANG (Visualizer),Gorillaz Central,youtube,youtube:item:SiV7gJwRFAQ
Lynyrd Skynyrd - Free Bird (Official Audio),Lynyrd Skynyrd,youtube,youtube:item:0LwcvjNJTuM
MOONLGHT - Free Bird,MOONLGHT,youtube,youtube:item:YawLAGMWHTo
Going Up The Country (Remastered 2005),Canned Heat - Topic,youtube,youtube:item:4eQMA_noRYQ
$uicideboy$ - Mental clarity is a luxury I can't afford,jczxxxx,youtube,youtube:item:_9g8m-w6fsk
Rusko - Lions Paw,TheRuskoUnofficial,youtube,youtube:item:301LGWph_rw
"Ella Fitzgerald and Duke Ellington ""It Don't Mean A Thing (If It Ain't Got That Swing)""",The Ed Sullivan Show and Ella Fitzgerald,youtube,youtube:item:myRc-3oF1d0
Duke Ellington and his Orchestra - Take The A Train (1962) [Official Video],StoryvilleRecords,youtube,youtube:item:D6mFGy4g_n8
Luca Lozano - King Blade (Wooooo Mix),Space Musicorum,youtube,youtube:item:3Vz9Nd306pI
Jonatas C - Jack (Original Mix),Nopreset Records,youtube,youtube:item:Iy5xhqEvglw
Luca Lozano - Bedroom Beat,LVMLN,youtube,youtube:item:6gxh_bl0IWU
A Walk In the Woods,Halo - Topic,youtube,youtube:item:vDVDwgCQ6Qo
2 Mello - Love Lightside (Love Sickubus),2 Mello,youtube,youtube:item:2Gui0Tbfqjk
JoyRide,HolyBrune,youtube,youtube:item:z62_AwLC7-g
Almir Ljusa - Definition Of Hardgroove (Original Mix),Vertex Records,youtube,youtube:item:GYFQjA-0ciw
Tony Igy - Astronomia (Official Video),OneSevenMusic,youtube,youtube:item:--cxZbnmmoc
Beautiful Scarlet - Rare Bird,lorjim58,youtube,youtube:item:1BNMAq0D9w4
The Supermen Lovers (feat. Mani Hoffman) · Starlight (Official Video),LaTebwaRules and The Supermen Lovers,youtube,youtube:item:h61QG4s0I3U
Fred vom Jupiter,Die Doraus & Die Marinas - Topic,youtube,youtube:item:AscTsguqJuw
Fehlfarben - Ein Jahr (Es geht voran) - Albumversion,Jacques Tati,youtube,youtube:item:s10U_efDHME
Soviet & Socialistic Grooves from 60s-70s / New Year Special by BASIC – L’atelier de Musique Ep006,L'atelier de Musique,youtube,youtube:item:h8htSF9X5sE
Markus - Ich will Spass '95 (Official Video) (EPK),MarkusVEVO,youtube,youtube:item:nMWgXn3G2BA
Falco - Vienna Calling (Official Video),FALCO,youtube,youtube:item:MTlSjRMx5Ic
Steinwolke - Katharine Katharine,Time Light Pictures,youtube,youtube:item:6Nh-R9tSHO8
Bulgarian folklor- Kaval sviri,antoniasorriso,youtube,youtube:item:hVqrW-fPOQ0
Dave Brubeck - Golden Brown,Laurence Mason,youtube,youtube:item:2Qs1J612nZs
DÖF - CODO...düse im Sauseschritt,GoldenOldies,youtube,youtube:item:Nu5uJ7aqAwg
"DÖF - Codo (Ich düse, düse im Sauseschritt)",Schlagermusikgirl11,youtube,youtube:item:xwBMrYJODmM
Mat Zo - You Are Here,VISION,youtube,youtube:item:EPLTE8OTqLQ
Target Demographic - Dreaming About You,EELF,youtube,youtube:item:vMn0UO60f_E
Rawtekk - D.N.A. (VIP),spaZ,youtube,youtube:item:32uwerYutVU
Proket- Locomotive,psych0del,youtube,youtube:item:z-adqMLEkVI
Universal Project - Vessel,Andrej Marinić,youtube,youtube:item:uzsKuhYuONw
CHRYSTAL - THE DAYS (NOTION REMIX) LYRICS,The Vibe Guide,youtube,youtube:item:K2w_ewReOog
Nightwalk (Extended Mix),LIFELIKE,youtube,youtube:item:36juEffZpjw
Celso Valli - Pasta & Fagioli,David•VdB,youtube,youtube:item:SeCF-bSTOCs
piri & tommy - dog (official video),piri & tommy,youtube,youtube:item:5LNlBIg4g3I
Head Nod Supreme,Kommodity - Topic,youtube,youtube:item:D6EJWuH68qE
"The Diplomats - Dipset Anthem ft. Cam'Ron, Juelz Santana",The Diplomats,youtube,youtube:item:eCvxC8rofjs
Tony De Vit - Don't Ever Stop (BK Remix),Tidy Trax,youtube,youtube:item:QkaNjEr1qdU
Jake Bass - Oh Wow (Official Music Video),Jake Bass,youtube,youtube:item:Gmt1OygABIk
femtanyl - GIRL HELL 1999,Femtanyl,youtube,youtube:item:BmmMfZR8C80
Doechii - DENIAL IS A RIVER,Doechii,youtube,youtube:item:F0cdbR5ognY
Saturday (Benny Page Remix),Dope Ammo - Topic,youtube,youtube:item:phKI5It1Zho
"MOTHER056: Robosonic, Klangkuenstler - Nuts",Mother Recordings,youtube,youtube:item:PDPK6REp9XA
GORDO x Mc Gw x Malifoo - Mexe Mexe (Official Music Video),GORDO,youtube,youtube:item:sqQp4rvMrjA
Paraçek - Exodia [PRC01],HATE Lab,youtube,youtube:item:1htPiiLKHG4
Biig Piig - Decimal (Official Video),Biig Piig,youtube,youtube:item:9P8TGZRhHVM
Tuesday (feat. Danelle Sandoval) (Radio Edit),Burak Yeter,youtube,youtube:item:VFIkdfhSHM8
Kazdoura - Khayal خيال (Official Video),Kazdoura,youtube,youtube:item:xA1TJrx5ZI8
Dream- Lil Trophy (Official Video),Lil Trophy,youtube,youtube:item:s1p58rdOyhc
Te amare - Bossa Lounge,Jose Luis Reyes Benitez,youtube,youtube:item:vn7L0emziMI
Sabor a Mí,Eydie Gormé - Topic,youtube,youtube:item:Gb1FrnjlXoo
Besame Mucho,Lisa Ono,youtube,youtube:item:7ejA6VDP4Ps
FELIPE GORDON - IMPRESIONES (feat GRECO MURILLO) [ROYAL 051],Maslow Unknown,youtube,youtube:item:U6gAXn063H4
Do It Again (Featuring Cheeky Blakk) by Galactic - Ya-Ka-May,Galactic,youtube,youtube:item:41USJy2r6gY
THAT GUY,"Tyler, The Creator",youtube,youtube:item:M0qiZHV4E3U
"MF DOOM - Books of War (The Lost Chapters) ft. RZA, Jeru The Damaja, Guru, Talib Kweli, DMX",ArtOfficial,youtube,youtube:item:e_QQamQt5x4
Lying About Lying,Paleman - Topic,youtube,youtube:item:vk5hrali8Cs
Groove Train,Bresi - Topic,youtube,youtube:item:Z3NzT6Bsrv4
Profondo Rosso OST,musicahorror,youtube,youtube:item:lN5wpoNJDUk
GORDO x Eladio Carrión x Junkie Kid - Outside (Official Music Video),GORDO,youtube,youtube:item:NiIJn4oSH9c
mon mapmenaahbin,his girl,youtube,youtube:item:dQMf1ftQ0bQ
Sacrifice to the algorithm gods,burialgoods,youtube,youtube:item:xxB4TDU829c
Rae Sremmurd - Sexy (Official Music Video),Rae Sremmurd,youtube,youtube:item:CnIVNcFF888
Actually,Dan Kye - Topic,youtube,youtube:item:s1A1c3I7oK0
Heisenbeatz - Enjoy the walk [Electro / Deep House / Progressive House],Heisenbeatz,youtube,youtube:item:gy43hYzQuIM
Silene,Biosphere - Topic,youtube,youtube:item:44OUU7cABi8
Alesso - Hypnotize (Visualizer),Alesso,youtube,youtube:item:6ba3tOZl8KI
LUGATTI & 9INE - Salty (prod. by TRAYA),Kinder der Küste,youtube,youtube:item:p7QOB36_MSM
Feel It,Cupidon - Topic,youtube,youtube:item:WeFGzrYzhhU
House of Cards Main Theme,Simon Tobey,youtube,youtube:item:9w-O60x1bYk
Biosphere - Substrata [Full Album],naechancepal,youtube,youtube:item:xL3MBMim36E
Constrains Of Time,THISISTHX - Topic,youtube,youtube:item:M8lYFWYxqqg
Mos Def - Auditorium (featuring Slick Rick) [Audio],Death Gaming Blob,youtube,youtube:item:kSQEGE8gKj4
House Of Cards Main Title Theme,Jeff Beal - Topic,youtube,youtube:item:BcfMTSHHfu4
Zeev Tene - I bombed beirut every day,Alexander M.,youtube,youtube:item:ik1sY1jhzbU
L O S T  I N  T H E  S A U C E | Unreal Album (Full Album),LOST IN THE SAUCE,youtube,youtube:item:49whtd6vcSI
Aesop Rock - Drums On The Wheel (Official Video),Rhymesayers Entertainment,youtube,youtube:item:N1iUN-J-lSs
Aesop Rock - Zero Dark Thirty (Official Video),Rhymesayers Entertainment,youtube,youtube:item:Dbd4h1kaFlY
Gigachad Phonk (Bass Boosted),1RMAX - Topic,youtube,youtube:item:bHyeOlIFCkU
Skepta x Smooth Jazz,db.,youtube,youtube:item:CHRiakgTjuk
Vanisher - Leipzig Underground [VANISHER001],HATE,youtube,youtube:item:zhaHLIrtDh8
Brainkillers - Loving Part 1,Humble Stilskint,youtube,youtube:item:Aa-cPvYtBsE
Nicola Cruz - Criançada (con Castello Branco),ZZK Records,youtube,youtube:item:Nzkv22l-6mE
Selected Backside Movement (P.E.A.R.L. Utility Rework),Not A Headliner - Topic,youtube,youtube:item:xPf1WEqwnCs
Charanjit Singh - Raga Bhairav (1982),prop4g,youtube,youtube:item:sB4RYBpwV0A
Most Wanted,Towa,youtube,youtube:item:MxnD6VNrvoQ
Pattern Tusk - grooverider,Pattern Tusk,youtube,youtube:item:4CEsL9Rt2lo
Classic House Grooves & Good Vibes | Chill & Dance Beats | From Malarkey to Sugar Hill & New Order,Ivana Stjepanovic,youtube,youtube:item:5pu5ZGFWZ98